{"name":"809a7a08-e97d-4506-85fe-ae1ac4fc5149","id":"/providers/Microsoft.Flow/flows/809a7a08-e97d-4506-85fe-ae1ac4fc5149","type":"Microsoft.Flow/flows","properties":{"apiId":"/providers/Microsoft.PowerApps/apis/shared_logicflows","displayName":"UpdateSHP","definition":{"metadata":{"workflowEntityId":null,"processAdvisorMetadata":null,"flowclientsuspensionreason":"None","flowclientsuspensiontime":null,"creator":{"id":"0296016a-5ad1-4c16-aeda-189890fd0164","type":"User","tenantId":"6d71a996-17f7-45c8-998f-23820f26bb8b"},"provisioningMethod":"FromDefinition","failureAlertSubscription":true,"clientLastModifiedTime":"2021-06-09T10:16:07.9628175Z"},"$schema":"https://schema.management.azure.com/providers/Microsoft.Logic/schemas/2016-06-01/workflowdefinition.json#","contentVersion":"1.0.0.0","parameters":{"$connections":{"defaultValue":{},"type":"Object"},"$authentication":{"defaultValue":{},"type":"SecureObject"}},"triggers":{"manual":{"type":"Request","kind":"PowerApp","inputs":{"schema":{"type":"object","properties":{"Elementeabrufen_Abfragefiltern":{"type":"string","description":"Eine ODATA-Filterabfrage zum Einschränken der zurückgegebenen Einträge (z. B. stringColumn eq 'string' OR numberColumn lt 123).","x-ms-powerflows-param-ispartial":false}},"required":["Elementeabrufen_Abfragefiltern"]}}}},"actions":{"Elemente_abrufen":{"runAfter":{},"type":"OpenApiConnection","inputs":{"host":{"apiId":"/providers/Microsoft.PowerApps/apis/shared_sharepointonline","connectionName":"shared_sharepointonline","operationId":"GetItems"},"parameters":{"dataset":"https://studentsunimarburgde.sharepoint.com/sites/ProMa","table":"7b74bbac-1ecf-4fa8-815b-585045e9921f","$filter":"@triggerBody()['Elementeabrufen_Abfragefiltern']"},"authentication":{"value":"@json(decodeBase64(triggerOutputs().headers['X-MS-APIM-Tokens']))['$ConnectionKey']","type":"Raw"}}}}},"connectionReferences":{"shared_sharepointonline":{"connectionName":"72b9399e15f9447b9263984c941d3ed6","source":"Invoker","id":"/providers/Microsoft.PowerApps/apis/shared_sharepointonline","tier":"NotSpecified"}},"flowFailureAlertSubscribed":false}}