{"schemaVersion":"1.0","appDefinitionTemplate":{"id":"/providers/Microsoft.PowerApps/apps/","type":"Microsoft.PowerApps/apps","tags":{"primaryDeviceWidth":"640","primaryDeviceHeight":"1136","sienaVersion":"20210714T221908Z-3.21064.25.0","deviceCapabilities":"","supportsPortrait":"true","supportsLandscape":"false","primaryFormFactor":"Phone","publisherVersion":"3.21064.25","minimumRequiredApiVersion":"2.2.0","hasComponent":"false","hasUnlockedComponent":"false","isUnifiedRootApp":"false"},"properties":{"appVersion":"2021-07-14T22:19:08Z","lifeCycleId":"Published","createdByClientVersion":{"major":3,"minor":21064,"build":25,"revision":0,"majorRevision":0,"minorRevision":0},"minClientVersion":{"major":3,"minor":21064,"build":25,"revision":0,"majorRevision":0,"minorRevision":0},"backgroundColor":"rgba(0, 176, 240, 1)","backgroundImageUri":"/251344863814310913/Na9a8bd85-b2b9-44c3-bef8-121148d60dc7-logoSmallFile","displayName":"ProMa","description":"","commitMessage":"","appUris":{"documentUri":{"value":"/251344863814310913/N4ef31332-ed16-4b57-8acb-9c3bdfcc0ddf-document.msapp"},"imageUris":[]},"createdTime":"0001-01-01T00:00:00Z","lastModifiedTime":"0001-01-01T00:00:00Z","sharedGroupsCount":0,"sharedUsersCount":0,"icons":{"smallIconUri":"/251344863814310913/Nf4b81281-2f1c-487d-9b7e-39996ec01b8b-small.png","mediumIconUri":"/251344863814310913/Ncd365908-4f10-4d6d-9660-ec762b754997-medium.png","largeIconUri":"/251344863814310913/N7e77fcea-e77d-4c54-9919-24cd1ecd9670-large.png","wideIconUri":"/251344863814310913/Nf99eb91e-73a6-4adb-8f73-03601bd66ac5-wide.png"},"connectionReferences":{"8c129c06-7391-4001-9ba4-87236456e346":{"id":"be3d6917-a5da-4453-9606-cc9d46e4f8ce","displayName":"SharePoint","iconUri":"https://connectoricons-prod.azureedge.net/releases/v1.0.1487/1.0.1487.2472/sharepointonline/icon.png","dataSources":["UserListe","UserRegister"],"dependencies":[],"dependents":["bc665630-6a69-4367-af90-ef0ae7d49aac"],"parameterHints":{},"isOnPremiseConnection":false,"bypassConsent":false,"dataSets":{"https://studentsunimarburgde.sharepoint.com/sites/ProMa":{"dataSources":{"UserListe":{"tableName":"7b74bbac-1ecf-4fa8-815b-585045e9921f"},"UserRegister":{"tableName":"550da2af-3816-447e-b0fd-075a54fe307d"}}}},"apiTier":"Standard","isCustomApiConnection":false},"544573f3-6485-47c6-9d45-061d4d2868b0":{"id":"2b9f755e-a689-49b4-8902-084266f56097","displayName":"Office 365-Benutzer","iconUri":"https://connectoricons-prod.azureedge.net/releases/v1.0.1472/1.0.1472.2427/office365users/icon.png","dataSources":["Office365-Benutzer"],"dependencies":[],"dependents":[],"parameterHints":{},"isOnPremiseConnection":false,"bypassConsent":false,"dataSets":{},"apiTier":"Standard","isCustomApiConnection":false},"bc665630-6a69-4367-af90-ef0ae7d49aac":{"id":"c9db34dd-4d03-4a5f-bc1a-057951476b35","displayName":"Logic flows","iconUri":"https://connectoricons-prod.azureedge.net/releases/v1.0.1438/1.0.1438.2324/logicflows/icon.png","dataSources":["UpdateSHP"],"dependencies":["8c129c06-7391-4001-9ba4-87236456e346"],"dependents":[],"parameterHints":{"workflowName":{"value":"f29fcd63-41ac-48c1-8280-5a5ff948bd00"},"workflowEntityId":{},"8c129c06-7391-4001-9ba4-87236456e346":{"value":"shared_sharepointonline"}},"isOnPremiseConnection":false,"bypassConsent":false,"dataSets":{},"apiTier":"Standard","isCustomApiConnection":false},"bdfd9782-bdfe-44ce-aab9-ed7bdf3df374":{"id":"48a1881c-343c-4c63-aeeb-1c71bca0b8c5","displayName":"Outlook.com","iconUri":"https://connectoricons-prod.azureedge.net/releases/v1.0.1491/1.0.1491.2480/outlook/icon.png","dataSources":["Outlook.com"],"dependencies":[],"dependents":[],"parameterHints":{},"isOnPremiseConnection":false,"bypassConsent":false,"dataSets":{},"apiTier":"Standard","isCustomApiConnection":false,"actions":["SendEmailV2"]}},"databaseReferences":{},"almMode":"Environment","performanceOptimizationEnabled":true,"canConsumeAppPass":true,"executionRestrictions":{"isTeamsOnly":false,"dataLossPreventionEvaluationResult":{"status":"Compliant","lastEvaluationDate":"2021-06-03T15:56:33.1372412Z","violations":[],"violationsByPolicy":[],"violationErrorMessage":"Die App verwendet die folgenden Connectors: ."}}},"appType":"ClassicCanvasApp","appComponents":[]}}