{"schemaVersion":"1.0","appDefinitionTemplate":{"id":"/providers/Microsoft.PowerApps/apps/","type":"Microsoft.PowerApps/apps","tags":{"primaryDeviceWidth":"640","primaryDeviceHeight":"1136","supportsPortrait":"true","supportsLandscape":"true","primaryFormFactor":"Phone","publisherVersion":"3.22072.25","minimumRequiredApiVersion":"2.2.0","hasComponent":"false","hasUnlockedComponent":"false","isUnifiedRootApp":"false","sienaVersion":"20220801T203811Z-3.22072.25.0"},"properties":{"appVersion":"2022-08-01T20:38:11Z","lifeCycleId":"Published","createdByClientVersion":{"major":3,"minor":22072,"build":25,"revision":0,"majorRevision":0,"minorRevision":0},"minClientVersion":{"major":3,"minor":22072,"build":25,"revision":0,"majorRevision":0,"minorRevision":0},"backgroundColor":"RGBA(0,176,240,1)","backgroundImageUri":"/7598733852529741141/N77cb1904-74bc-42db-8ed2-427328d97bc4-logoSmallFile","displayName":"ProMa_externalDB","description":"","commitMessage":"","appUris":{"documentUri":{"value":"/7598733852529741141/Neba90256-d78a-4129-8b29-5ad59c7e4c8c-document.msapp"},"imageUris":[],"additionalUris":[]},"createdTime":"0001-01-01T00:00:00Z","lastModifiedTime":"0001-01-01T00:00:00Z","sharedGroupsCount":0,"sharedUsersCount":0,"icons":{"smallIconUri":"/7598733852529741141/Ne25f085c-225b-4ff1-b0ab-0a49b395f2b3-small.png","mediumIconUri":"/7598733852529741141/Nf5f47c94-8128-401c-92dd-197c2ba90505-medium.png","largeIconUri":"/7598733852529741141/N7f52c40e-de1f-4f43-8717-38c5a291588e-large.png","wideIconUri":"/7598733852529741141/Nf6c89913-67ff-4326-8233-a3b500f6e7fb-wide.png"},"connectionReferences":{"24a0062c-a019-484c-ac01-5e963f38fa8f":{"id":"5c0a4664-ca5f-43f1-8bed-a27c822ed5bb","displayName":"PostgreSQL","iconUri":"https://connectoricons-prod.azureedge.net/releases/v1.0.1578/1.0.1578.2813/postgresql/icon.png","dataSources":["[public].[students]"],"dependencies":[],"dependents":[],"parameterHints":{},"parameterHintsV2":{},"isOnPremiseConnection":false,"sharedConnectionId":"0640e3da-408c-47c1-b9ca-03201d1518b0","dataSets":{"default":{"dataSources":{"[public].[students]":{"tableName":"[public].[students]"}}}},"apiTier":"Premium","isCustomApiConnection":false,"actions":["providers/PowerPlatform.Governance/Operations/Read","providers/PowerPlatform.Governance/Operations/Write","providers/PowerPlatform.Governance/Operations/Delete"]}},"databaseReferences":{},"almMode":"Environment","performanceOptimizationEnabled":true,"canConsumeAppPass":true,"executionRestrictions":{"isTeamsOnly":false,"dataLossPreventionEvaluationResult":{"status":"Compliant","lastEvaluationDate":"2022-08-01T20:38:29.9709252Z","violations":[],"violationsByPolicy":[],"violationErrorMessage":"The app uses the following connectors: shared_postgresql."}}},"appType":"ClassicCanvasApp","appComponents":[]}}